drug,drug_class,config,auroc,accuracy,macro_f1,brier_score
ATV,PI,Full Model,0.7350461661983139,0.61,0.6010230179028133,0.2371573964620927
ATV,PI,No Rarity,0.7579285427539141,0.64,0.6376811594202898,0.22253388519346196
ATV,PI,No Attention,0.9618627057406663,0.89,0.8899889988998899,0.09363342845562858
ATV,PI,With Calibration,0.6503412284223203,0.57,0.562608076492727,0.24714787037410701
ATV,PI,Without Calibration,0.7350461661983139,0.61,0.6010230179028133,0.2371573964620927
DRV,PI,Full Model,0.7494505494505495,0.65,0.3939393939393939,0.22140681713717658
DRV,PI,No Rarity,0.778021978021978,0.65,0.3939393939393939,0.2177572370458989
DRV,PI,No Attention,0.8316483516483516,0.76,0.732620320855615,0.2055705821333076
DRV,PI,With Calibration,0.7092307692307691,0.76,0.728629579375848,0.18891837225262015
DRV,PI,Without Calibration,0.7494505494505495,0.65,0.3939393939393939,0.22140681713717658
FPV,PI,Full Model,0.774,0.68,0.6666666666666666,0.23452259967960032
FPV,PI,No Rarity,0.8220000000000001,0.66,0.6212121212121212,0.2305342159390965
FPV,PI,No Attention,0.9343999999999999,0.85,0.84998499849985,0.12672164318070972
FPV,PI,With Calibration,0.6906,0.62,0.6193910256410255,0.23764156194699937
FPV,PI,Without Calibration,0.774,0.68,0.6666666666666666,0.23452259967960032
IDV,PI,Full Model,0.8109090909090909,0.71,0.6745595331612613,0.23166243420215565
IDV,PI,No Rarity,0.8480808080808082,0.73,0.7149192271143491,0.23610204531392273
IDV,PI,No Attention,0.9608080808080808,0.91,0.9097744360902256,0.07210123923243517
IDV,PI,With Calibration,0.7234343434343434,0.64,0.6305418719211823,0.21712261568504782
IDV,PI,Without Calibration,0.8109090909090909,0.71,0.6745595331612613,0.23166243420215565
LPV,PI,Full Model,0.8020202020202021,0.66,0.5952380952380952,0.23358145960185742
LPV,PI,No Rarity,0.8799999999999999,0.55,0.3548387096774194,0.23027907882676996
LPV,PI,No Attention,0.9466666666666667,0.93,0.9291426257718393,0.06829481965793625
LPV,PI,With Calibration,0.7507070707070707,0.73,0.7297567811029927,0.1768927551859883
LPV,PI,Without Calibration,0.8020202020202021,0.66,0.5952380952380952,0.23358145960185742
NFV,PI,Full Model,0.7918719211822661,0.58,0.38811188811188807,0.23098419993855884
NFV,PI,No Rarity,0.6818555008210181,0.58,0.3670886075949367,0.23760600757173164
NFV,PI,No Attention,0.976190476190476,0.93,0.928796663615095,0.050707126719382704
NFV,PI,With Calibration,0.7309113300492611,0.64,0.6305418719211823,0.20411024490027685
NFV,PI,Without Calibration,0.7918719211822661,0.58,0.38811188811188807,0.23098419993855884
SQV,PI,Full Model,0.7724000000000001,0.7,0.6816638370118846,0.23258796997742756
SQV,PI,No Rarity,0.746,0.57,0.5413333333333333,0.23844076381418844
SQV,PI,No Attention,0.9643999999999999,0.92,0.9199679871948779,0.06703761313640973
SQV,PI,With Calibration,0.7052,0.55,0.5463252343986289,0.21968831296890767
SQV,PI,Without Calibration,0.7724000000000001,0.7,0.6816638370118846,0.23258796997742756
TPV,PI,Full Model,0.6856617647058822,0.68,0.40476190476190477,0.21054028890563342
TPV,PI,No Rarity,0.7049632352941178,0.68,0.40476190476190477,0.21208360392354877
TPV,PI,No Attention,0.762408088235294,0.76,0.7242647058823529,0.20672911380588455
TPV,PI,With Calibration,0.5413602941176471,0.65,0.5269631031220435,0.24120155738845067
TPV,PI,Without Calibration,0.6856617647058822,0.68,0.40476190476190477,0.21054028890563342
ABC,NRTI,Full Model,0.5720288115246098,0.55,0.529239460194581,0.24723942782413025
ABC,NRTI,No Rarity,0.6024409763905562,0.49,0.4357782940590773,0.24942558057808634
ABC,NRTI,No Attention,0.9429771908763505,0.92,0.9199679871948779,0.06523938296130753
ABC,NRTI,With Calibration,0.5180072028811524,0.49,0.4276736617663562,0.2522858069550524
ABC,NRTI,Without Calibration,0.5720288115246098,0.55,0.529239460194581,0.24723942782413025
AZT,NRTI,Full Model,0.7066666666666667,0.7,0.4117647058823529,0.20439991337187136
AZT,NRTI,No Rarity,0.8161904761904761,0.7,0.4117647058823529,0.20157816935530473
AZT,NRTI,No Attention,0.9823809523809525,0.93,0.9122257053291536,0.05898636444173271
AZT,NRTI,With Calibration,0.6057142857142858,0.68,0.5941146626078133,0.2066977706406799
AZT,NRTI,Without Calibration,0.7066666666666667,0.7,0.4117647058823529,0.20439991337187136
D4T,NRTI,Full Model,0.5406871609403255,0.79,0.441340782122905,0.17684954264098768
D4T,NRTI,No Rarity,0.5629897528631705,0.79,0.441340782122905,0.170686941066228
D4T,NRTI,No Attention,0.9180229053646776,0.85,0.7778106947118946,0.12320512898966461
D4T,NRTI,With Calibration,0.49336949969861366,0.79,0.441340782122905,0.16627571074857095
D4T,NRTI,Without Calibration,0.5406871609403255,0.79,0.441340782122905,0.17684954264098768
DDI,NRTI,Full Model,0.5167410714285714,0.84,0.45652173913043476,0.15297957242965254
DDI,NRTI,No Rarity,0.5026041666666666,0.84,0.45652173913043476,0.16145697426944416
DDI,NRTI,No Attention,0.8247767857142858,0.86,0.7628726287262872,0.11992598645806572
DDI,NRTI,With Calibration,0.4177827380952381,0.84,0.45652173913043476,0.13464174120339592
DDI,NRTI,Without Calibration,0.5167410714285714,0.84,0.45652173913043476,0.15297957242965254
3TC,NRTI,Full Model,0.5935416666666666,0.6,0.375,0.2380952035917624
3TC,NRTI,No Rarity,0.6347916666666666,0.6,0.375,0.23910965813385976
3TC,NRTI,No Attention,0.875625,0.77,0.7631551848419318,0.16707181527093454
3TC,NRTI,With Calibration,0.6045833333333334,0.61,0.4017487344684768,0.23262175880128183
3TC,NRTI,Without Calibration,0.5935416666666666,0.6,0.375,0.2380952035917624
TDF,NRTI,Full Model,0.6159346271705822,0.89,0.4708994708994709,0.13062547668620061
TDF,NRTI,No Rarity,0.5137895812053115,0.89,0.4708994708994709,0.1190644626048204
TDF,NRTI,No Attention,0.9213483146067416,0.95,0.8771800540407763,0.048814248438474574
TDF,NRTI,With Calibration,0.49846782431052095,0.89,0.4708994708994709,0.09806709341412433
TDF,NRTI,Without Calibration,0.6159346271705822,0.89,0.4708994708994709,0.13062547668620061
EFV,NNRTI,Full Model,0.6794871794871795,0.52,0.36000000000000004,0.24588525993036423
EFV,NNRTI,No Rarity,0.5869391025641025,0.52,0.34210526315789475,0.24951519393558716
EFV,NNRTI,No Attention,0.936298076923077,0.88,0.8798076923076923,0.10506511846098258
EFV,NNRTI,With Calibration,0.569911858974359,0.53,0.4643874643874644,0.30348633704907796
EFV,NNRTI,Without Calibration,0.6794871794871795,0.52,0.36000000000000004,0.24588525993036423
ETR,NNRTI,Full Model,0.49666666666666665,0.6,0.375,0.24083128107428453
ETR,NNRTI,No Rarity,0.5241666666666667,0.6,0.375,0.2398537336371997
ETR,NNRTI,No Attention,0.7175,0.65,0.6395839769333744,0.27917136077076843
ETR,NNRTI,With Calibration,0.4533333333333333,0.6,0.375,0.24000284595160065
ETR,NNRTI,Without Calibration,0.49666666666666665,0.6,0.375,0.24083128107428453
NVP,NNRTI,Full Model,0.56875,0.6,0.375,0.2356335410127482
NVP,NNRTI,No Rarity,0.5604166666666667,0.6,0.375,0.23963246387123172
NVP,NNRTI,No Attention,0.9383333333333332,0.89,0.8867263927504891,0.0928032453340065
NVP,NNRTI,With Calibration,0.5454166666666665,0.61,0.49942241047362346,0.24184794620535466
NVP,NNRTI,Without Calibration,0.56875,0.6,0.375,0.2356335410127482
RPV,NNRTI,Full Model,0.5853140916808149,0.62,0.38271604938271603,0.2324998059029546
RPV,NNRTI,No Rarity,0.5466893039049237,0.62,0.38271604938271603,0.2356215886091361
RPV,NNRTI,No Attention,0.7733446519524618,0.77,0.757153415690001,0.22356376606697712
RPV,NNRTI,With Calibration,0.541383701188455,0.65,0.539413080668509,0.21981480412764853
RPV,NNRTI,Without Calibration,0.5853140916808149,0.62,0.38271604938271603,0.2324998059029546
